id;depto;start;end
100;Truck Company;1922-01-11 02:01:09;1930-10-05 06:10:06
101;Cars over the country;1900-02-23 02:02:14;1966-09-13 05:09:43
102;Motorcycles for the people;1970-09-15 10:09:50;1952-10-27 03:10:39
103;Planes rules the air;1963-06-11 06:06:54;1965-07-20 11:07:50
104;Cars over the country;1968-06-07 01:06:24;1916-11-09 08:11:18
105;Cars over the country;2018-01-26 12:01:45;2009-09-14 10:09:36
106;Truck Company;1954-12-30 06:12:00;1952-03-19 01:03:51
107;Planes rules the air;1991-01-10 01:01:01;1958-07-19 11:07:39
108;Motorcycles for the people;1947-11-29 01:11:24;2011-05-22 04:05:59
109;Planes rules the air;1928-07-05 08:07:54;1977-12-10 04:12:07
110;Cars over the country;1920-11-12 10:11:33;2010-09-07 10:09:32
111;Planes rules the air;1904-02-10 07:02:34;1915-09-22 04:09:53
112;Planes rules the air;1928-04-15 06:04:17;1928-06-29 09:06:46
113;Cars over the country;1948-10-22 12:10:57;1951-06-14 01:06:15
114;Truck Company;1919-06-09 08:06:08;1933-10-09 05:10:21
115;Truck Company;2001-11-03 10:11:28;1970-10-09 03:10:18
116;Cars over the country;1944-01-23 07:01:32;1954-07-31 03:07:38
117;Truck Company;1978-01-16 05:01:54;1914-09-12 08:09:32
118;Truck Company;1938-10-29 12:10:49;2004-06-10 08:06:35
119;Motorcycles for the people;1903-08-06 02:08:34;1959-09-22 03:09:49
120;Planes rules the air;1938-10-05 06:10:39;2000-03-02 12:03:19
121;Cars over the country;1969-10-16 03:10:33;1950-12-11 07:12:18
122;Truck Company;2018-07-21 02:07:48;1995-04-22 03:04:17
123;Truck Company;1916-10-22 12:10:55;1994-09-14 09:09:24
124;Truck Company;1976-08-15 02:08:19;2008-05-18 12:05:48
125;Planes rules the air;1951-10-02 09:10:03;2004-07-12 04:07:27
126;Motorcycles for the people;1995-08-16 12:08:10;1980-08-27 08:08:49
127;Cars over the country;2009-06-20 04:06:15;1938-09-27 03:09:48
128;Motorcycles for the people;1904-10-28 01:10:31;1981-09-07 05:09:09
129;Truck Company;2014-02-27 02:02:08;1973-07-25 03:07:39
130;Cars over the country;1935-06-17 10:06:27;1958-10-28 03:10:32
131;Planes rules the air;1902-04-19 04:04:00;1948-05-18 04:05:00
132;Motorcycles for the people;1949-05-08 05:05:10;1995-10-21 01:10:02
133;Cars over the country;1954-03-03 06:03:21;2010-04-15 10:04:54
134;Truck Company;1915-05-25 03:05:25;1969-08-23 09:08:18
135;Motorcycles for the people;1942-02-15 04:02:45;1972-10-05 08:10:07
136;Planes rules the air;1942-04-11 03:04:28;1904-03-09 07:03:37
137;Planes rules the air;1955-06-18 02:06:55;2012-12-24 06:12:26
138;Motorcycles for the people;1930-06-04 07:06:58;1947-06-12 09:06:14
139;Truck Company;1917-11-21 04:11:07;1904-01-22 08:01:49
140;Planes rules the air;1990-04-19 06:04:45;1966-03-19 10:03:58
141;Truck Company;1922-09-04 04:09:29;1981-06-25 02:06:51
142;Planes rules the air;1965-01-28 11:01:01;1907-08-03 02:08:18
143;Cars over the country;2012-02-19 06:02:19;2003-09-20 06:09:48
144;Cars over the country;2004-09-28 04:09:04;1939-02-25 02:02:31
145;Planes rules the air;1923-04-24 02:04:57;1968-10-08 12:10:41
146;Motorcycles for the people;2009-05-03 11:05:42;1959-04-01 12:04:19
147;Cars over the country;1950-02-24 04:02:56;1914-12-31 06:12:26
148;Cars over the country;1944-08-19 02:08:23;1983-06-23 07:06:02
149;Truck Company;1914-04-18 12:04:17;1913-05-10 10:05:22
150;Cars over the country;1996-07-26 09:07:54;1980-09-18 06:09:11
151;Motorcycles for the people;1932-01-15 02:01:02;1953-10-04 09:10:11
152;Motorcycles for the people;1936-12-29 09:12:56;1990-11-02 08:11:29
153;Truck Company;1993-10-14 05:10:35;1953-08-09 08:08:41
154;Truck Company;2005-08-28 11:08:24;1922-11-26 01:11:45
155;Motorcycles for the people;1980-04-04 12:04:45;1979-06-25 12:06:54
156;Motorcycles for the people;1917-07-13 01:07:47;1942-09-23 04:09:07
157;Motorcycles for the people;1938-06-14 04:06:02;1946-04-13 05:04:31
158;Motorcycles for the people;1954-01-08 06:01:38;1918-08-29 10:08:33
159;Truck Company;1993-05-09 12:05:44;1994-10-29 02:10:44
160;Planes rules the air;1916-09-07 11:09:40;1983-07-12 01:07:57
161;Cars over the country;1990-11-02 11:11:18;1904-07-13 12:07:21
162;Truck Company;1921-08-10 06:08:45;1943-05-18 01:05:31
163;Truck Company;1980-06-07 07:06:13;1974-04-13 03:04:44
164;Planes rules the air;1961-11-14 06:11:20;2002-08-15 06:08:43
165;Planes rules the air;1967-06-08 04:06:46;1919-04-13 08:04:39
166;Cars over the country;2010-09-28 01:09:29;1940-10-09 05:10:12
167;Motorcycles for the people;1969-06-27 11:06:49;1904-04-28 04:04:28
168;Truck Company;1948-11-29 06:11:09;1981-10-12 11:10:04
169;Truck Company;1903-05-12 02:05:12;2002-02-01 04:02:25
170;Motorcycles for the people;1920-01-27 09:01:25;1999-04-09 08:04:06
171;Planes rules the air;1992-04-02 12:04:40;1942-07-19 12:07:57
172;Planes rules the air;1987-11-17 02:11:27;1938-12-29 08:12:52
173;Cars over the country;1927-06-03 10:06:31;1942-05-29 10:05:35
174;Planes rules the air;1936-03-11 04:03:27;1939-10-10 09:10:16
175;Cars over the country;1997-11-02 07:11:52;1917-02-26 08:02:55
176;Motorcycles for the people;1961-06-22 11:06:13;1993-11-01 07:11:32
177;Motorcycles for the people;1963-04-26 10:04:11;1901-07-24 11:07:33
178;Truck Company;1925-05-07 09:05:16;1934-03-23 07:03:42
179;Cars over the country;1916-02-22 07:02:56;1984-10-08 10:10:20
180;Truck Company;2019-12-28 03:12:01;2009-09-18 04:09:35
181;Cars over the country;2016-10-11 04:10:57;1994-05-04 02:05:28
182;Truck Company;1900-09-30 03:09:25;2018-10-24 10:10:10
183;Motorcycles for the people;1950-08-12 09:08:36;1994-06-21 04:06:33
184;Cars over the country;1905-04-26 10:04:18;1947-08-30 07:08:55
185;Cars over the country;1987-11-06 09:11:10;1903-08-16 02:08:12
186;Motorcycles for the people;1997-05-02 09:05:54;2004-09-12 12:09:34
187;Motorcycles for the people;1981-07-19 03:07:32;1942-07-09 02:07:14
188;Planes rules the air;1970-05-19 09:05:03;1982-08-24 04:08:08
189;Truck Company;1959-02-26 06:02:34;1907-12-26 06:12:09
190;Motorcycles for the people;1975-06-07 09:06:10;1917-09-18 12:09:00
191;Planes rules the air;2003-05-25 02:05:00;1982-02-04 06:02:46
192;Cars over the country;2000-11-26 08:11:47;1987-10-18 11:10:03
193;Cars over the country;1988-03-26 05:03:53;1970-11-07 09:11:37
194;Planes rules the air;1938-02-24 03:02:17;1932-02-13 07:02:03
195;Cars over the country;1973-06-16 03:06:19;1999-11-09 01:11:39
196;Cars over the country;1930-06-09 04:06:04;2000-11-22 12:11:07
197;Motorcycles for the people;1924-08-16 08:08:31;2017-07-04 04:07:41
198;Motorcycles for the people;1959-08-25 03:08:16;2015-10-11 12:10:35
199;Planes rules the air;1913-12-24 11:12:53;1993-08-28 12:08:39
200;Motorcycles for the people;1971-02-21 01:02:18;2016-12-08 01:12:32
201;Planes rules the air;1909-10-06 05:10:25;1927-12-21 04:12:14
202;Motorcycles for the people;1939-12-28 03:12:17;1977-03-19 11:03:45
203;Cars over the country;1900-03-26 10:03:09;1970-09-11 02:09:02
204;Motorcycles for the people;1978-04-28 05:04:25;1975-02-01 11:02:02
205;Motorcycles for the people;1954-11-25 04:11:02;1966-11-15 02:11:04
206;Cars over the country;1957-03-08 05:03:21;1906-03-22 08:03:57
207;Truck Company;1985-02-24 02:02:50;2004-02-01 11:02:27
208;Planes rules the air;1912-10-23 05:10:38;1965-03-11 11:03:23
209;Cars over the country;1970-12-30 08:12:56;1926-12-05 08:12:22
210;Motorcycles for the people;2015-04-23 01:04:30;1969-11-19 01:11:52
211;Motorcycles for the people;1919-09-21 08:09:36;1934-06-23 07:06:59
212;Cars over the country;2018-09-13 11:09:40;2005-08-11 03:08:45
213;Truck Company;1938-04-28 10:04:41;1954-04-22 01:04:36
214;Planes rules the air;1984-08-18 07:08:32;2003-06-30 02:06:47
215;Truck Company;1908-11-29 05:11:33;2011-08-12 07:08:19
216;Cars over the country;1977-12-27 06:12:50;2005-05-14 04:05:45
217;Motorcycles for the people;1951-02-17 05:02:50;1929-03-15 11:03:14
218;Cars over the country;1910-11-26 05:11:05;1939-12-18 03:12:51
219;Planes rules the air;2009-05-27 04:05:30;1992-08-30 02:08:47
220;Truck Company;1993-09-02 11:09:12;1946-05-25 12:05:21
221;Truck Company;1983-08-04 09:08:16;2001-08-13 04:08:01
222;Cars over the country;1900-06-11 07:06:41;1949-03-29 07:03:28
223;Motorcycles for the people;1902-05-27 03:05:35;1931-07-04 02:07:41
224;Planes rules the air;1940-10-18 09:10:46;1963-01-23 01:01:29
225;Truck Company;1912-07-08 06:07:35;1926-11-08 10:11:38
226;Planes rules the air;2010-11-28 11:11:46;1987-11-04 10:11:22
227;Planes rules the air;1915-03-20 09:03:18;1985-04-20 06:04:34
228;Planes rules the air;1924-02-06 01:02:40;2010-09-28 09:09:56
229;Motorcycles for the people;2019-10-25 05:10:52;1936-06-13 03:06:00
230;Motorcycles for the people;1968-02-13 03:02:18;1953-09-24 02:09:05
231;Motorcycles for the people;1916-12-20 09:12:31;1966-04-28 01:04:14
232;Cars over the country;1978-03-08 12:03:23;1949-01-12 02:01:00
233;Motorcycles for the people;1933-08-03 02:08:12;2016-06-13 11:06:23
234;Truck Company;1999-11-23 01:11:53;1980-02-21 05:02:43
235;Motorcycles for the people;1940-11-19 04:11:47;1940-07-31 07:07:08
236;Planes rules the air;1990-09-05 05:09:09;1930-03-28 07:03:09
237;Cars over the country;1940-08-20 12:08:08;1941-10-15 07:10:47
238;Cars over the country;1922-07-11 06:07:21;2011-03-09 04:03:10
239;Truck Company;1974-01-07 08:01:30;1933-07-16 01:07:06
240;Planes rules the air;1980-12-29 01:12:29;1997-10-11 07:10:24
241;Truck Company;1901-05-12 04:05:48;2008-08-09 02:08:26
242;Truck Company;2013-03-15 01:03:31;1910-04-03 10:04:56
243;Truck Company;2002-08-30 05:08:22;1944-06-15 01:06:15
244;Cars over the country;1973-02-25 02:02:19;1920-01-06 06:01:03
245;Cars over the country;1949-08-24 06:08:01;1921-09-04 12:09:13
246;Motorcycles for the people;1942-11-10 04:11:38;1907-10-11 07:10:11
247;Truck Company;1984-06-13 08:06:17;1943-10-11 01:10:13
248;Planes rules the air;1949-04-15 03:04:58;2000-05-22 03:05:37
249;Truck Company;1957-03-20 05:03:52;1967-06-20 09:06:01
250;Planes rules the air;1908-05-11 05:05:52;2005-05-28 07:05:49
251;Planes rules the air;1900-05-28 11:05:05;1984-04-12 04:04:09
252;Truck Company;1988-06-14 06:06:31;1969-08-14 11:08:28
253;Motorcycles for the people;1908-02-03 07:02:58;1967-07-27 07:07:27
254;Planes rules the air;1916-06-15 11:06:55;1941-09-23 10:09:25
255;Planes rules the air;2003-11-12 09:11:47;2015-11-07 04:11:08
256;Truck Company;1977-03-24 01:03:33;1901-08-05 07:08:55
257;Cars over the country;2018-09-03 10:09:08;1953-01-20 03:01:51
258;Cars over the country;1970-07-04 09:07:44;1912-04-06 09:04:41
259;Truck Company;1940-12-24 05:12:04;1949-07-09 09:07:40
260;Motorcycles for the people;2008-12-30 02:12:00;1921-03-06 05:03:36
261;Cars over the country;1992-07-28 08:07:26;1934-08-01 09:08:03
262;Cars over the country;1993-07-23 09:07:58;1918-03-29 11:03:43
263;Cars over the country;1948-09-03 06:09:51;1938-03-20 06:03:39
264;Truck Company;1987-03-01 11:03:40;1916-07-19 01:07:29
265;Motorcycles for the people;1916-01-11 09:01:54;1991-01-03 10:01:47
266;Truck Company;2011-06-14 05:06:15;1997-12-01 06:12:03
267;Motorcycles for the people;1951-01-18 09:01:49;1977-09-16 07:09:16
268;Planes rules the air;1928-07-10 05:07:29;1945-05-28 12:05:02
269;Cars over the country;1933-05-30 02:05:28;1999-12-04 10:12:00
270;Truck Company;1914-07-03 05:07:45;1946-06-01 06:06:48
271;Motorcycles for the people;1962-05-10 01:05:40;1935-07-10 04:07:17
272;Motorcycles for the people;2001-11-05 04:11:52;1969-04-03 02:04:27
273;Planes rules the air;2009-09-22 09:09:02;2013-07-02 07:07:25
274;Motorcycles for the people;1902-11-22 11:11:32;1997-03-23 08:03:32
275;Motorcycles for the people;2011-09-13 12:09:27;1907-06-25 11:06:57
276;Cars over the country;1993-12-02 02:12:27;1972-12-17 03:12:43
277;Motorcycles for the people;1918-04-04 03:04:30;1990-07-28 02:07:18
278;Planes rules the air;1998-09-30 06:09:40;1974-02-01 10:02:32
279;Cars over the country;1950-07-18 06:07:37;1990-11-11 02:11:19
280;Motorcycles for the people;1924-01-03 04:01:22;1945-01-06 04:01:42
281;Motorcycles for the people;1981-09-14 11:09:57;1985-08-27 09:08:28
282;Motorcycles for the people;1940-10-20 10:10:23;2001-10-06 01:10:49
283;Cars over the country;2018-12-31 01:12:29;1937-07-07 08:07:38
284;Planes rules the air;1962-09-24 08:09:57;2019-10-19 05:10:30
285;Motorcycles for the people;1961-02-14 07:02:34;1955-09-25 09:09:36
286;Motorcycles for the people;1926-05-12 05:05:18;1962-05-04 02:05:10
287;Truck Company;1900-11-06 07:11:42;1938-08-31 09:08:07
288;Planes rules the air;1926-03-18 12:03:46;1910-04-22 06:04:55
289;Motorcycles for the people;1934-03-14 09:03:36;1969-09-16 11:09:45
290;Motorcycles for the people;1995-11-07 11:11:30;1995-07-14 01:07:31
291;Planes rules the air;1940-05-05 06:05:33;2005-03-24 09:03:50
292;Truck Company;1923-08-13 09:08:32;2009-08-27 09:08:12
293;Motorcycles for the people;2016-02-26 08:02:35;1956-08-03 03:08:24
294;Cars over the country;1997-10-27 09:10:24;1990-10-02 12:10:53
295;Planes rules the air;1916-12-26 12:12:53;1988-11-03 12:11:51
296;Motorcycles for the people;1990-11-24 10:11:16;1986-03-16 01:03:52
297;Truck Company;1918-10-14 12:10:50;1901-03-07 10:03:24
298;Cars over the country;1905-05-23 03:05:08;1908-07-21 03:07:56
299;Cars over the country;1961-08-23 04:08:59;1993-12-31 03:12:04
300;Motorcycles for the people;1922-09-29 12:09:47;1975-06-19 09:06:41
301;Motorcycles for the people;2000-09-15 05:09:41;1936-04-25 11:04:38
302;Cars over the country;1976-07-01 09:07:29;1953-03-15 08:03:22
303;Truck Company;1930-12-25 10:12:18;2008-08-07 05:08:06
304;Planes rules the air;1945-03-10 01:03:55;1983-01-06 02:01:31
305;Cars over the country;1986-06-25 05:06:55;1974-11-23 06:11:29
306;Planes rules the air;2010-07-01 02:07:08;1931-12-25 02:12:37
307;Motorcycles for the people;1930-10-23 10:10:47;2015-04-24 12:04:00
308;Planes rules the air;1926-08-27 06:08:49;1922-09-29 08:09:43
309;Cars over the country;1921-12-17 10:12:54;1918-10-10 07:10:34
310;Planes rules the air;1923-01-27 06:01:37;1922-02-06 07:02:49
311;Motorcycles for the people;1993-01-13 08:01:01;1980-08-04 10:08:14
312;Planes rules the air;1940-07-12 01:07:40;1933-03-28 07:03:30
313;Cars over the country;2006-05-09 11:05:51;1960-10-23 12:10:53
314;Motorcycles for the people;2018-03-24 04:03:29;1944-02-25 12:02:54
315;Motorcycles for the people;1901-01-19 07:01:35;2012-06-27 06:06:56
316;Planes rules the air;1906-08-23 02:08:28;1955-09-13 11:09:40
317;Truck Company;1931-02-08 10:02:37;1958-08-24 02:08:25
318;Planes rules the air;1968-02-02 10:02:56;1943-03-30 06:03:26
319;Cars over the country;2003-10-23 07:10:34;1956-12-31 07:12:52
320;Truck Company;1991-12-24 11:12:03;1931-09-18 05:09:06
321;Truck Company;2001-09-29 08:09:49;1911-09-20 05:09:37
322;Truck Company;1947-11-10 08:11:12;1907-03-26 05:03:28
323;Truck Company;1921-03-19 02:03:10;1997-10-19 06:10:07
324;Truck Company;1965-09-07 09:09:53;1968-05-19 08:05:06
325;Truck Company;1904-01-19 06:01:05;1983-05-15 05:05:05
326;Truck Company;2008-04-27 05:04:47;1918-01-12 06:01:23
327;Planes rules the air;1946-08-18 11:08:47;1979-03-12 06:03:04
328;Motorcycles for the people;1937-08-09 02:08:04;1938-06-28 02:06:39
329;Cars over the country;1947-10-05 09:10:05;1966-01-10 10:01:12
330;Truck Company;1937-03-17 09:03:11;1950-06-15 05:06:42
331;Planes rules the air;1905-09-07 07:09:27;1911-10-06 01:10:42
332;Planes rules the air;1921-08-07 03:08:04;1958-11-26 12:11:51
333;Cars over the country;1937-10-29 06:10:22;1977-05-30 01:05:48
334;Planes rules the air;2015-03-20 08:03:20;1947-05-12 10:05:18
335;Motorcycles for the people;1988-04-30 03:04:52;1976-09-11 02:09:28
336;Motorcycles for the people;1963-07-06 02:07:05;1915-01-15 12:01:04
337;Truck Company;1933-12-01 08:12:11;1957-09-20 08:09:14
338;Planes rules the air;1918-04-15 03:04:24;1973-04-16 08:04:45
339;Truck Company;1970-09-14 01:09:38;1986-09-03 06:09:39
340;Cars over the country;1921-03-01 09:03:47;1910-02-01 01:02:36
341;Cars over the country;1945-12-22 10:12:02;1930-12-28 02:12:37
342;Cars over the country;1910-09-01 10:09:26;1948-03-13 11:03:46
343;Planes rules the air;2016-08-28 05:08:33;1907-03-17 01:03:14
344;Planes rules the air;1905-04-27 11:04:47;1927-07-18 06:07:50
345;Planes rules the air;1975-01-13 09:01:57;1944-04-20 11:04:52
346;Truck Company;1931-10-20 11:10:52;1990-08-20 01:08:00
347;Planes rules the air;2014-05-13 01:05:46;1976-08-24 01:08:58
348;Cars over the country;1953-07-23 12:07:15;1924-02-29 02:02:50
349;Truck Company;1908-05-17 12:05:23;1946-07-28 02:07:51
350;Cars over the country;1947-06-19 04:06:50;1962-06-18 07:06:13
351;Cars over the country;1947-04-26 05:04:01;2015-04-14 03:04:46
352;Cars over the country;1971-08-15 01:08:41;1900-12-16 07:12:29
353;Planes rules the air;1914-03-29 02:03:57;2011-05-31 04:05:32
354;Planes rules the air;1919-12-16 12:12:14;1935-02-19 06:02:40
355;Truck Company;1956-05-25 02:05:33;2015-10-16 08:10:10
356;Motorcycles for the people;1987-11-18 02:11:22;1962-05-05 06:05:05
357;Planes rules the air;1940-12-01 02:12:11;1923-04-17 01:04:03
358;Cars over the country;2010-08-25 07:08:26;1963-08-13 09:08:06
359;Planes rules the air;1957-09-12 12:09:58;1974-08-07 12:08:31
360;Truck Company;1928-06-21 05:06:36;1924-09-05 02:09:23
361;Cars over the country;1906-07-21 04:07:33;1994-03-28 06:03:59
362;Cars over the country;2008-09-20 07:09:20;1991-02-02 07:02:21
363;Planes rules the air;1996-01-03 06:01:05;1900-01-22 01:01:57
364;Cars over the country;1935-12-29 05:12:40;1983-01-16 07:01:30
365;Truck Company;1996-11-25 01:11:06;1935-08-25 07:08:39
366;Planes rules the air;1960-08-13 06:08:08;1919-12-02 05:12:19
367;Truck Company;1935-10-21 06:10:50;1926-09-29 07:09:13
368;Motorcycles for the people;1922-09-23 03:09:40;1987-03-05 03:03:16
369;Motorcycles for the people;1917-08-23 06:08:46;2016-03-15 06:03:04
370;Planes rules the air;1917-10-16 03:10:48;2000-03-30 03:03:39
371;Truck Company;1903-03-22 05:03:41;1928-06-17 03:06:10
372;Motorcycles for the people;1924-09-04 08:09:20;1985-09-08 10:09:37
373;Motorcycles for the people;1909-08-31 04:08:07;1904-03-19 10:03:17
374;Planes rules the air;2003-02-08 07:02:45;1975-01-30 07:01:08
375;Planes rules the air;1980-08-28 09:08:16;1930-09-21 03:09:53
376;Cars over the country;1923-03-16 09:03:48;1976-05-24 03:05:00
377;Cars over the country;1917-07-25 08:07:04;1926-12-08 01:12:24
378;Cars over the country;1916-11-06 05:11:02;1988-01-22 11:01:50
379;Truck Company;1957-09-08 08:09:56;1990-03-02 12:03:02
380;Truck Company;1945-08-19 04:08:17;1983-05-19 03:05:45
381;Planes rules the air;1904-02-01 03:02:20;2016-03-05 04:03:20
382;Cars over the country;1936-09-09 06:09:42;1971-10-10 05:10:56
383;Planes rules the air;1912-07-07 12:07:57;1906-06-29 04:06:31
384;Motorcycles for the people;1947-12-12 09:12:15;1990-08-21 03:08:31
385;Planes rules the air;1917-11-11 10:11:12;1968-11-16 07:11:57
386;Cars over the country;1924-05-09 12:05:11;1944-05-31 11:05:32
387;Cars over the country;2007-01-31 09:01:55;1969-01-16 06:01:10
388;Cars over the country;1994-05-14 08:05:02;1960-12-25 08:12:25
389;Truck Company;1900-02-09 11:02:21;1949-09-14 04:09:09
390;Truck Company;1941-11-05 10:11:52;1938-02-15 07:02:32
391;Truck Company;1929-06-22 09:06:41;1901-11-12 02:11:34
392;Truck Company;1978-08-10 03:08:51;1999-11-30 11:11:58
393;Motorcycles for the people;1978-04-24 08:04:09;1916-05-20 09:05:15
394;Planes rules the air;1919-12-01 03:12:06;1962-11-04 01:11:13
395;Truck Company;1919-04-17 08:04:04;2002-09-08 01:09:35
396;Planes rules the air;1999-08-03 01:08:27;1965-06-12 10:06:54
397;Motorcycles for the people;1971-01-08 12:01:07;1939-04-17 01:04:45
398;Planes rules the air;1959-02-22 10:02:21;2006-02-01 12:02:28
399;Motorcycles for the people;1993-01-29 02:01:36;1993-11-15 01:11:50
400;Planes rules the air;1960-09-04 06:09:45;1967-04-04 07:04:06
401;Truck Company;1962-03-16 01:03:01;1962-11-05 08:11:27
402;Motorcycles for the people;1988-01-30 05:01:43;1907-03-27 03:03:50
403;Planes rules the air;1903-11-03 09:11:37;1938-08-20 12:08:18
404;Cars over the country;1948-07-14 05:07:02;1995-08-13 12:08:48
405;Cars over the country;1968-09-06 08:09:18;2011-06-21 11:06:22
406;Planes rules the air;2003-04-16 03:04:55;2017-10-05 09:10:43
407;Motorcycles for the people;1965-04-20 08:04:02;1968-09-15 06:09:11
408;Truck Company;1998-02-12 10:02:46;1946-06-05 12:06:54
409;Truck Company;2012-01-15 12:01:46;1903-08-10 04:08:18
410;Cars over the country;1929-05-12 04:05:34;1947-01-08 11:01:37
411;Planes rules the air;1972-07-30 05:07:15;1980-12-22 09:12:26
412;Cars over the country;1953-08-08 02:08:03;1984-03-12 11:03:05
413;Motorcycles for the people;1971-03-08 01:03:08;1998-05-17 02:05:25
414;Planes rules the air;1939-10-01 07:10:59;1998-03-15 09:03:46
415;Cars over the country;1992-12-08 09:12:42;1977-01-05 12:01:44
416;Planes rules the air;1970-09-14 06:09:12;1900-12-25 04:12:44
417;Planes rules the air;1909-08-04 12:08:22;1974-11-29 08:11:54
418;Planes rules the air;1994-03-19 05:03:09;2000-07-18 01:07:55
419;Planes rules the air;1912-06-12 04:06:36;1948-07-03 10:07:23
420;Truck Company;1988-07-03 12:07:29;1943-10-11 03:10:21
421;Planes rules the air;1949-10-11 05:10:00;1906-04-02 04:04:32
422;Motorcycles for the people;1925-06-02 07:06:31;1906-11-05 04:11:30
423;Truck Company;2015-07-29 09:07:29;1920-05-16 02:05:43
424;Truck Company;1937-02-22 09:02:35;2009-05-12 12:05:52
425;Cars over the country;1994-04-03 10:04:52;1985-02-09 05:02:58
426;Cars over the country;1959-05-16 02:05:54;2000-12-02 02:12:05
427;Truck Company;1978-01-24 10:01:54;1949-11-02 05:11:20
428;Truck Company;1944-12-23 11:12:07;1901-05-19 02:05:51
429;Planes rules the air;1949-04-15 09:04:25;1958-09-19 03:09:58
430;Cars over the country;1990-04-24 03:04:14;1995-02-04 01:02:41
431;Truck Company;1909-05-08 10:05:13;1919-09-06 07:09:02
432;Planes rules the air;1971-12-04 04:12:18;1993-07-14 01:07:18
433;Cars over the country;2011-09-16 03:09:22;1989-12-16 05:12:32
434;Planes rules the air;2012-01-12 07:01:05;1941-09-27 01:09:48
435;Planes rules the air;1938-02-12 03:02:12;1987-03-08 09:03:59
436;Truck Company;1975-06-27 07:06:35;2006-05-13 12:05:40
437;Truck Company;2012-08-27 05:08:09;1972-07-13 03:07:24
438;Planes rules the air;1921-08-10 06:08:08;1915-11-10 07:11:14
439;Cars over the country;1901-12-29 08:12:52;1977-07-31 03:07:20
440;Planes rules the air;1954-12-27 02:12:00;1903-05-02 08:05:33
441;Truck Company;1957-07-05 05:07:15;2005-09-20 12:09:55
442;Planes rules the air;1911-10-03 11:10:28;1987-08-05 09:08:09
443;Cars over the country;1935-02-18 06:02:58;1994-06-09 02:06:25
444;Motorcycles for the people;1967-03-12 10:03:07;1910-02-05 09:02:22
445;Truck Company;1983-10-18 09:10:44;2004-05-07 10:05:07
446;Cars over the country;1904-08-26 04:08:55;1998-09-02 08:09:10
447;Planes rules the air;1930-06-23 11:06:49;1994-01-27 09:01:48
448;Truck Company;1994-04-19 11:04:16;1972-05-07 05:05:24
449;Truck Company;1986-07-31 09:07:27;1942-06-03 08:06:17
450;Planes rules the air;1999-01-14 12:01:35;1931-02-25 07:02:23
451;Motorcycles for the people;2019-06-10 01:06:28;1969-02-25 08:02:51
452;Cars over the country;1980-07-27 04:07:45;2002-06-14 03:06:31
453;Cars over the country;1900-10-06 12:10:24;1991-01-04 03:01:21
454;Truck Company;1968-03-12 01:03:52;1937-11-10 05:11:39
455;Motorcycles for the people;1922-01-05 05:01:39;1966-10-12 01:10:42
456;Cars over the country;1970-03-26 04:03:07;1917-03-15 09:03:17
457;Motorcycles for the people;1989-11-18 09:11:58;1993-07-24 09:07:11
458;Planes rules the air;1977-01-20 10:01:37;1934-04-02 05:04:38
459;Motorcycles for the people;1915-09-06 07:09:43;1913-05-31 04:05:37
460;Truck Company;1907-11-21 08:11:20;1926-09-01 09:09:31
461;Motorcycles for the people;1968-05-31 06:05:13;1913-05-27 08:05:26
462;Cars over the country;1965-04-12 05:04:34;1950-10-16 06:10:17
463;Motorcycles for the people;1985-04-03 04:04:55;2007-01-09 02:01:49
464;Motorcycles for the people;1913-04-14 08:04:59;1988-07-13 03:07:46
465;Motorcycles for the people;2000-08-15 09:08:50;1971-04-24 09:04:40
466;Cars over the country;1992-10-16 06:10:53;1985-08-15 08:08:43
467;Truck Company;1961-11-15 05:11:27;1942-12-15 03:12:17
468;Motorcycles for the people;1909-04-13 02:04:39;1978-12-03 11:12:32
469;Planes rules the air;1900-02-18 03:02:38;1996-03-07 03:03:48
470;Planes rules the air;1901-11-01 06:11:38;1985-09-02 03:09:04
471;Motorcycles for the people;1964-03-17 07:03:54;2005-02-06 12:02:34
472;Truck Company;1919-05-02 07:05:49;2014-06-01 07:06:18
473;Cars over the country;1969-09-24 05:09:01;1909-11-01 04:11:30
474;Cars over the country;2007-06-24 08:06:21;1915-12-14 12:12:49
475;Motorcycles for the people;2011-03-29 12:03:14;1973-10-15 07:10:22
476;Truck Company;1971-06-09 08:06:27;1955-06-19 08:06:04
477;Cars over the country;1911-10-30 08:10:02;1937-10-21 11:10:49
478;Truck Company;1906-07-21 04:07:41;2011-02-24 04:02:31
479;Planes rules the air;1900-11-18 03:11:17;1950-12-24 07:12:25
480;Cars over the country;1901-01-09 04:01:16;2014-08-27 07:08:11
481;Planes rules the air;1955-02-13 10:02:26;1912-01-13 05:01:16
482;Truck Company;1974-10-19 12:10:13;1991-06-12 08:06:13
483;Planes rules the air;1939-04-03 01:04:35;1999-03-15 03:03:55
484;Cars over the country;2013-09-03 03:09:06;1956-11-19 02:11:30
485;Cars over the country;1970-09-06 10:09:12;2018-12-19 08:12:08
486;Motorcycles for the people;1974-04-11 11:04:42;1904-06-04 04:06:54
487;Cars over the country;1972-02-23 02:02:45;1957-04-03 02:04:44
488;Truck Company;1927-10-11 05:10:22;1916-09-16 11:09:11
489;Motorcycles for the people;1934-12-11 12:12:35;1983-08-11 09:08:02
490;Motorcycles for the people;1921-03-13 09:03:31;1927-09-25 10:09:15
491;Planes rules the air;2018-01-26 12:01:32;1961-08-22 01:08:54
492;Motorcycles for the people;2002-10-19 05:10:25;1941-01-17 03:01:03
493;Motorcycles for the people;1938-02-08 11:02:10;1971-11-18 07:11:05
494;Cars over the country;2005-05-23 04:05:10;1992-07-08 09:07:36
495;Planes rules the air;1979-06-10 05:06:27;1908-02-05 09:02:55
496;Truck Company;1984-03-10 10:03:54;1973-04-19 05:04:28
497;Truck Company;1968-08-02 01:08:28;1978-09-09 06:09:18
498;Planes rules the air;2015-02-24 08:02:52;2009-06-28 04:06:07
499;Planes rules the air;1950-12-03 11:12:57;1930-05-13 10:05:45
500;Planes rules the air;1914-04-24 11:04:33;1997-03-16 08:03:19
501;Planes rules the air;1970-10-17 10:10:21;1945-03-18 10:03:55
502;Cars over the country;2005-07-08 06:07:22;1947-05-08 09:05:35
503;Motorcycles for the people;1919-11-28 10:11:13;1951-06-20 02:06:07
504;Motorcycles for the people;2016-03-23 12:03:32;1995-06-04 06:06:25
505;Planes rules the air;1936-12-21 01:12:45;1914-10-11 02:10:39
506;Truck Company;1988-10-04 08:10:49;1955-02-12 06:02:43
507;Truck Company;1928-10-10 05:10:51;1936-11-29 12:11:52
508;Motorcycles for the people;2004-10-20 06:10:21;1946-10-23 09:10:10
509;Motorcycles for the people;1971-06-10 07:06:11;2014-04-10 07:04:40
510;Truck Company;1909-09-30 12:09:31;1970-03-14 08:03:05
511;Motorcycles for the people;1988-08-21 07:08:18;2000-02-18 12:02:32
512;Truck Company;1962-08-08 12:08:50;1933-02-28 12:02:37
513;Motorcycles for the people;1956-07-18 11:07:49;1901-03-03 10:03:53
514;Cars over the country;1926-04-02 11:04:05;1913-04-21 08:04:49
515;Planes rules the air;1991-10-08 11:10:05;1927-02-20 07:02:29
516;Cars over the country;2015-03-27 10:03:02;1942-09-19 08:09:38
517;Truck Company;1982-04-25 09:04:50;1992-09-04 06:09:35
518;Truck Company;1998-11-01 01:11:55;1941-03-22 03:03:43
519;Planes rules the air;1943-10-17 05:10:04;1980-11-03 03:11:13
520;Truck Company;2015-06-21 05:06:56;1930-07-09 05:07:10
521;Cars over the country;1919-07-03 05:07:27;1918-07-29 09:07:23
522;Motorcycles for the people;1988-04-14 07:04:07;2014-07-08 04:07:48
523;Planes rules the air;1950-10-04 10:10:45;1923-08-15 02:08:57
524;Planes rules the air;1992-11-06 06:11:23;1941-06-24 01:06:49
525;Motorcycles for the people;1903-02-22 10:02:51;2001-12-30 03:12:03
526;Motorcycles for the people;1990-04-19 01:04:24;1991-01-14 06:01:01
527;Cars over the country;1971-09-10 05:09:22;1973-06-30 03:06:59
528;Cars over the country;1983-10-06 01:10:22;2014-10-04 06:10:03
529;Cars over the country;1907-04-10 05:04:10;1982-06-04 04:06:44
530;Truck Company;1924-11-25 11:11:30;1985-04-17 04:04:13
531;Planes rules the air;2008-10-29 01:10:12;1955-03-11 06:03:12
532;Cars over the country;2017-06-14 02:06:38;1993-02-25 10:02:03
533;Motorcycles for the people;1937-11-23 06:11:38;1993-04-09 10:04:06
534;Truck Company;1913-08-09 01:08:06;1909-08-11 01:08:47
535;Motorcycles for the people;1910-04-02 06:04:39;1952-01-30 01:01:42
536;Cars over the country;1907-04-27 10:04:36;1974-05-21 09:05:27
537;Truck Company;1983-04-23 06:04:46;1929-09-27 10:09:31
538;Truck Company;2016-01-22 07:01:07;2008-08-31 06:08:27
539;Motorcycles for the people;1947-07-20 07:07:15;1971-07-19 09:07:52
540;Motorcycles for the people;1994-09-26 05:09:15;1938-05-18 05:05:58
541;Truck Company;1944-10-22 03:10:43;1977-03-05 01:03:01
542;Cars over the country;1955-06-23 12:06:10;1993-05-03 07:05:13
543;Truck Company;1938-04-11 11:04:55;1988-03-21 12:03:07
544;Cars over the country;1974-07-09 07:07:12;1940-11-01 07:11:28
545;Motorcycles for the people;2006-07-17 06:07:31;2002-08-25 11:08:56
546;Cars over the country;1956-05-29 10:05:47;1924-06-23 03:06:55
547;Cars over the country;2013-03-15 08:03:22;2012-10-27 05:10:36
548;Cars over the country;1909-05-05 03:05:33;1939-04-23 04:04:56
549;Planes rules the air;1918-06-28 01:06:51;1964-06-29 03:06:13
550;Truck Company;2013-02-03 06:02:07;1979-07-25 10:07:34
551;Planes rules the air;1999-10-05 08:10:48;1940-01-30 05:01:47
552;Motorcycles for the people;1956-03-17 12:03:55;1981-12-21 09:12:35
553;Cars over the country;1996-10-20 11:10:37;1918-10-14 06:10:53
554;Motorcycles for the people;2006-06-23 04:06:39;1906-05-06 02:05:33
555;Motorcycles for the people;1921-05-14 12:05:34;1924-05-02 05:05:30
556;Planes rules the air;1915-11-10 10:11:21;1992-08-29 05:08:47
557;Planes rules the air;1981-03-24 06:03:25;1931-03-18 11:03:56
558;Cars over the country;1918-12-09 02:12:36;1999-10-05 01:10:21
559;Truck Company;1977-09-28 02:09:33;1991-07-29 01:07:40
560;Truck Company;1903-12-05 11:12:19;1932-02-23 04:02:45
561;Motorcycles for the people;1900-09-20 03:09:18;1904-09-02 01:09:10
562;Cars over the country;1970-01-30 05:01:52;1979-09-02 12:09:52
563;Motorcycles for the people;2012-02-13 11:02:10;1902-01-02 04:01:06
564;Cars over the country;2017-02-09 10:02:11;1939-03-16 04:03:30
565;Planes rules the air;1912-11-04 04:11:21;1965-03-15 10:03:20
566;Cars over the country;1947-09-24 09:09:30;1914-06-23 03:06:41
567;Truck Company;1925-05-13 03:05:28;1905-12-15 03:12:16
568;Motorcycles for the people;1953-08-25 08:08:20;1956-03-22 09:03:07
569;Motorcycles for the people;1948-10-20 04:10:30;1991-01-31 06:01:33
570;Cars over the country;1984-04-08 05:04:02;1959-05-17 06:05:07
571;Cars over the country;1931-05-15 06:05:25;2005-10-01 08:10:21
572;Truck Company;1931-09-15 01:09:10;1992-06-20 09:06:11
573;Cars over the country;1913-01-05 12:01:06;1948-09-11 07:09:54
574;Truck Company;1991-03-14 04:03:07;1978-07-24 03:07:53
575;Motorcycles for the people;1977-08-09 01:08:16;2015-04-30 08:04:25
576;Cars over the country;1925-11-10 10:11:04;1965-05-02 04:05:32
577;Planes rules the air;1986-12-02 06:12:02;1910-03-28 05:03:03
578;Planes rules the air;2009-10-17 06:10:40;1967-03-19 02:03:47
579;Cars over the country;1902-08-31 02:08:19;1946-03-01 10:03:24
580;Cars over the country;1960-10-27 12:10:57;1953-04-16 10:04:55
581;Cars over the country;2014-10-21 01:10:36;1969-12-17 08:12:06
582;Planes rules the air;1977-02-04 01:02:29;1919-12-19 05:12:20
583;Cars over the country;2015-04-15 05:04:52;1940-11-10 04:11:58
584;Motorcycles for the people;1934-02-18 08:02:01;1918-09-01 05:09:36
585;Truck Company;1939-09-04 03:09:01;2004-11-23 03:11:35
586;Truck Company;1971-02-13 01:02:21;1961-09-12 01:09:36
587;Motorcycles for the people;1945-06-07 01:06:30;1912-11-04 06:11:56
588;Truck Company;2004-08-15 12:08:41;1999-01-17 04:01:14
589;Planes rules the air;1922-08-11 08:08:32;2008-01-08 10:01:14
590;Motorcycles for the people;1958-03-03 10:03:08;1924-03-09 06:03:36
591;Cars over the country;1933-06-22 09:06:43;1968-07-25 07:07:48
592;Cars over the country;1987-01-17 07:01:27;1968-03-24 11:03:53
593;Motorcycles for the people;1928-05-25 06:05:13;2002-10-16 04:10:41
594;Planes rules the air;1936-10-18 09:10:45;1919-04-03 11:04:18
595;Planes rules the air;1918-09-21 07:09:13;1905-12-07 08:12:05
596;Cars over the country;1982-02-14 01:02:04;2010-01-31 03:01:54
597;Truck Company;1984-07-27 11:07:39;1941-05-09 05:05:14
598;Planes rules the air;1907-09-23 09:09:54;1942-02-23 10:02:42
599;Planes rules the air;1947-06-29 04:06:46;1932-03-08 11:03:48
600;Cars over the country;2008-10-17 10:10:59;1984-07-14 09:07:36
601;Motorcycles for the people;1952-09-16 10:09:26;1916-04-12 08:04:52
602;Truck Company;1903-08-30 05:08:08;1934-09-16 11:09:08
603;Cars over the country;1944-01-01 10:01:24;1913-08-05 10:08:54
604;Cars over the country;1902-12-22 01:12:22;2009-09-06 05:09:31
605;Cars over the country;1967-09-27 07:09:05;1954-11-29 06:11:52
606;Truck Company;1987-05-16 05:05:05;1935-02-14 06:02:01
607;Cars over the country;1957-05-15 04:05:27;1909-09-19 03:09:01
608;Truck Company;1930-07-15 03:07:47;2014-10-20 01:10:54
609;Truck Company;2018-12-23 06:12:40;1960-09-03 03:09:50
610;Truck Company;1966-03-02 04:03:20;1950-09-08 08:09:34
611;Cars over the country;1941-09-06 03:09:21;1903-12-22 11:12:36
612;Truck Company;1978-02-19 02:02:39;1943-12-21 09:12:49
613;Cars over the country;1922-07-19 01:07:39;1952-08-01 07:08:47
614;Motorcycles for the people;2006-12-01 09:12:42;1942-10-18 03:10:42
615;Motorcycles for the people;1977-12-08 07:12:31;1978-01-27 09:01:47
616;Truck Company;1977-04-06 03:04:23;2016-10-26 09:10:29
617;Planes rules the air;1988-12-18 10:12:23;1971-10-21 06:10:58
618;Planes rules the air;1986-04-09 10:04:23;1946-03-20 07:03:28
619;Truck Company;2000-07-14 05:07:49;1998-05-20 05:05:54
620;Truck Company;2008-03-11 01:03:45;2017-09-22 04:09:36
621;Motorcycles for the people;2005-03-12 06:03:43;2007-06-01 01:06:35
622;Truck Company;1969-01-10 01:01:44;2001-10-04 07:10:45
623;Truck Company;1994-11-07 06:11:15;1944-06-20 07:06:36
624;Truck Company;1927-09-15 07:09:39;1962-01-04 08:01:57
625;Planes rules the air;1936-03-02 04:03:28;2008-04-03 02:04:28
626;Motorcycles for the people;1957-01-26 09:01:14;2009-12-09 08:12:32
627;Truck Company;1912-07-15 04:07:40;1902-10-17 02:10:07
628;Cars over the country;1936-03-26 02:03:59;1954-11-21 06:11:43
629;Motorcycles for the people;1917-01-16 11:01:37;1954-07-29 08:07:25
630;Motorcycles for the people;1945-05-15 03:05:08;1940-05-22 06:05:22
631;Cars over the country;1952-02-26 11:02:58;1929-12-30 07:12:21
632;Planes rules the air;1940-11-07 12:11:50;1950-03-27 10:03:20
633;Motorcycles for the people;1931-11-13 10:11:39;2000-10-18 06:10:27
634;Truck Company;1958-10-28 10:10:26;1901-08-03 11:08:15
635;Truck Company;1976-11-23 08:11:25;1915-01-29 11:01:52
636;Truck Company;1966-06-09 07:06:23;1933-07-03 01:07:53
637;Motorcycles for the people;1949-05-08 09:05:52;1930-11-24 06:11:38
638;Planes rules the air;1961-03-27 06:03:30;1931-05-05 08:05:13
639;Cars over the country;2001-08-17 08:08:23;1949-08-31 01:08:39
640;Truck Company;2009-12-31 07:12:30;1963-02-08 06:02:43
641;Cars over the country;1969-08-23 06:08:08;1993-09-07 07:09:18
642;Planes rules the air;1993-05-29 12:05:04;1972-10-31 05:10:57
643;Motorcycles for the people;1987-04-14 04:04:15;1940-10-26 05:10:18
644;Motorcycles for the people;1913-04-22 10:04:36;1977-12-18 09:12:41
645;Cars over the country;1924-02-18 02:02:09;1929-05-02 03:05:32
646;Motorcycles for the people;1900-04-28 09:04:31;1938-11-10 03:11:01
647;Truck Company;1946-10-08 09:10:02;1958-01-13 11:01:31
648;Cars over the country;1937-01-06 02:01:29;1947-05-20 03:05:17
649;Motorcycles for the people;1905-09-07 08:09:14;1937-10-11 01:10:29
650;Cars over the country;1938-12-14 02:12:53;2018-12-15 08:12:29
651;Motorcycles for the people;2016-07-06 09:07:52;2004-05-22 07:05:00
652;Planes rules the air;1970-12-13 04:12:23;1922-03-31 10:03:19
653;Motorcycles for the people;1993-08-02 05:08:05;1925-05-30 05:05:48
654;Truck Company;2000-11-01 07:11:38;1912-01-17 12:01:53
655;Cars over the country;1932-08-15 12:08:35;1967-11-14 07:11:01
656;Planes rules the air;1954-07-13 05:07:57;1913-09-25 11:09:37
657;Planes rules the air;1963-07-08 03:07:36;1996-04-26 09:04:28
658;Cars over the country;1948-03-16 10:03:06;1936-11-11 01:11:49
659;Cars over the country;2006-10-25 09:10:08;2015-03-22 12:03:22
660;Truck Company;1967-03-05 05:03:02;1992-04-07 06:04:06
661;Truck Company;1950-04-22 04:04:16;1904-12-18 08:12:21
662;Motorcycles for the people;1946-08-06 01:08:21;1942-05-05 04:05:55
663;Truck Company;2005-11-23 06:11:14;1996-10-07 07:10:20
664;Planes rules the air;1935-04-03 12:04:18;1913-04-05 10:04:23
665;Cars over the country;1974-12-18 02:12:35;1934-02-08 05:02:52
666;Cars over the country;2000-02-22 06:02:31;1903-12-03 12:12:34
667;Planes rules the air;2013-01-18 01:01:16;1990-03-20 11:03:51
668;Cars over the country;2012-03-17 11:03:16;1989-11-27 07:11:49
669;Truck Company;1981-01-02 08:01:01;1948-01-20 05:01:22
670;Motorcycles for the people;1934-10-31 11:10:33;1994-04-15 11:04:15
671;Cars over the country;1945-03-05 10:03:45;1981-10-10 06:10:19
672;Cars over the country;1923-04-01 01:04:24;1947-05-14 10:05:17
673;Cars over the country;1991-05-22 06:05:01;1932-03-01 12:03:08
674;Cars over the country;1960-04-29 02:04:54;1922-01-21 01:01:10
675;Planes rules the air;1941-03-28 10:03:40;1917-09-11 02:09:26
676;Truck Company;1905-09-29 04:09:11;1942-04-11 05:04:45
677;Planes rules the air;2016-08-01 06:08:12;1916-10-09 02:10:35
678;Cars over the country;2017-10-19 04:10:52;1983-03-15 05:03:45
679;Planes rules the air;1988-08-11 08:08:18;1906-12-30 12:12:33
680;Cars over the country;1986-04-25 08:04:52;1924-03-28 08:03:47
681;Cars over the country;1976-01-14 11:01:36;1965-02-19 07:02:33
682;Truck Company;2005-07-27 02:07:45;1954-04-28 10:04:42
683;Cars over the country;1917-09-15 09:09:58;1990-03-16 09:03:21
684;Cars over the country;2019-10-08 07:10:17;1915-08-31 05:08:50
685;Truck Company;1979-11-15 01:11:01;2003-04-10 08:04:35
686;Truck Company;1905-06-01 01:06:11;1982-06-26 12:06:01
687;Truck Company;1981-05-27 06:05:40;1994-01-01 03:01:52
688;Truck Company;1991-03-28 09:03:24;1959-08-29 02:08:36
689;Motorcycles for the people;1973-09-02 08:09:18;1971-02-15 11:02:07
690;Motorcycles for the people;1959-05-16 10:05:08;1945-04-19 03:04:58
691;Planes rules the air;1978-02-09 12:02:31;1972-06-05 09:06:15
692;Planes rules the air;1941-02-07 09:02:17;2010-02-09 06:02:16
693;Motorcycles for the people;1931-05-12 04:05:05;2006-12-30 10:12:12
694;Truck Company;1931-04-13 11:04:14;1993-01-30 05:01:57
695;Motorcycles for the people;1981-07-17 09:07:25;1949-04-16 09:04:39
696;Planes rules the air;1946-04-06 03:04:27;1918-11-15 05:11:18
697;Motorcycles for the people;1988-01-25 01:01:47;1905-11-21 01:11:26
698;Planes rules the air;1914-04-22 04:04:59;1951-01-19 06:01:43
699;Truck Company;1925-11-28 10:11:27;1995-03-02 07:03:16
700;Planes rules the air;1912-10-16 08:10:14;2011-02-26 08:02:44
701;Planes rules the air;2004-11-15 01:11:36;1987-03-22 10:03:47
702;Motorcycles for the people;1931-02-06 09:02:44;1985-08-27 07:08:47
703;Planes rules the air;1915-10-01 01:10:33;1964-11-25 01:11:05
704;Motorcycles for the people;1976-06-27 04:06:58;1952-10-25 10:10:25
705;Truck Company;1962-01-20 05:01:05;1950-03-18 05:03:50
706;Planes rules the air;1946-12-03 02:12:41;2003-10-16 01:10:06
707;Truck Company;1943-06-14 08:06:21;1948-04-12 09:04:59
708;Planes rules the air;1949-02-03 10:02:15;1982-07-14 05:07:24
709;Cars over the country;2017-04-17 08:04:24;1969-05-13 04:05:13
710;Planes rules the air;1915-03-25 03:03:09;2012-12-25 02:12:45
711;Planes rules the air;1935-06-03 09:06:20;1911-09-06 01:09:47
712;Truck Company;1975-07-23 02:07:00;1990-01-14 11:01:06
713;Motorcycles for the people;1913-02-18 11:02:37;1917-01-09 12:01:11
714;Truck Company;1935-01-29 12:01:38;1983-10-31 03:10:00
715;Planes rules the air;2000-08-27 05:08:57;1957-12-01 05:12:31
716;Truck Company;1965-12-22 05:12:44;2005-05-10 07:05:08
717;Motorcycles for the people;1925-06-26 09:06:51;1930-06-11 06:06:38
718;Truck Company;1986-06-01 01:06:57;1915-10-30 10:10:04
719;Motorcycles for the people;1958-05-15 11:05:30;1991-01-23 08:01:33
720;Planes rules the air;1969-05-19 08:05:51;1997-07-29 12:07:56
721;Cars over the country;1956-09-24 03:09:20;1918-08-09 11:08:23
722;Truck Company;1996-07-27 09:07:28;1959-03-07 12:03:00
723;Cars over the country;1950-07-29 01:07:01;1940-05-25 08:05:47
724;Cars over the country;2009-07-01 07:07:07;1909-02-12 03:02:16
725;Motorcycles for the people;1969-11-05 05:11:57;1932-09-18 12:09:34
726;Truck Company;1973-02-01 03:02:16;1966-10-15 11:10:57
727;Cars over the country;1901-07-07 02:07:54;1999-09-13 07:09:00
728;Motorcycles for the people;1970-06-05 05:06:01;1917-12-01 09:12:28
729;Planes rules the air;2012-08-13 11:08:15;1952-11-10 12:11:38
730;Cars over the country;2012-12-16 01:12:03;1997-08-18 05:08:14
731;Cars over the country;1911-09-12 08:09:55;1923-12-20 11:12:16
732;Planes rules the air;2010-05-29 01:05:24;1957-09-17 03:09:56
733;Truck Company;1925-10-09 03:10:02;2006-08-15 03:08:10
734;Motorcycles for the people;1950-07-06 05:07:04;1982-11-24 10:11:45
735;Cars over the country;1934-12-06 10:12:49;2016-04-27 03:04:46
736;Cars over the country;2005-10-25 06:10:57;1915-10-21 02:10:30
737;Motorcycles for the people;1918-04-28 06:04:23;1917-04-29 02:04:02
738;Motorcycles for the people;1925-04-09 04:04:50;1973-09-11 09:09:28
739;Planes rules the air;1926-05-30 07:05:56;1990-12-21 08:12:34
740;Planes rules the air;1981-03-14 04:03:36;1925-10-16 12:10:27
741;Planes rules the air;1960-06-21 08:06:46;1950-03-25 05:03:16
742;Truck Company;2014-10-07 06:10:19;1980-12-17 11:12:38
743;Planes rules the air;1922-07-16 05:07:49;2003-07-06 11:07:46
744;Cars over the country;1932-07-10 04:07:23;1996-12-31 11:12:41
745;Cars over the country;1981-06-03 05:06:14;1932-07-02 02:07:30
746;Motorcycles for the people;1962-04-19 01:04:47;1951-09-05 01:09:52
747;Truck Company;2019-12-07 05:12:21;1915-12-02 02:12:47
748;Truck Company;2011-12-01 10:12:24;2004-01-28 06:01:27
749;Cars over the country;1980-09-24 09:09:25;1966-05-05 07:05:18
750;Motorcycles for the people;2008-06-08 12:06:03;2004-10-16 11:10:33
751;Planes rules the air;2019-04-14 02:04:13;1935-04-01 08:04:33
752;Motorcycles for the people;1906-10-11 08:10:28;1902-02-22 01:02:30
753;Cars over the country;1956-06-11 05:06:02;1985-10-18 01:10:35
754;Truck Company;2000-08-29 11:08:58;1924-06-12 11:06:38
755;Cars over the country;1990-08-12 11:08:54;1978-02-19 01:02:00
756;Truck Company;1918-12-30 01:12:50;1968-06-18 03:06:39
757;Planes rules the air;1995-10-21 01:10:37;1991-09-17 07:09:48
758;Planes rules the air;1978-12-28 01:12:31;1964-07-13 09:07:46
759;Motorcycles for the people;1901-09-22 07:09:30;2006-12-21 11:12:13
760;Planes rules the air;1998-11-24 03:11:54;2015-05-20 11:05:04
761;Motorcycles for the people;1912-04-02 01:04:49;1980-11-10 01:11:26
762;Motorcycles for the people;1905-03-30 06:03:17;1970-11-10 02:11:11
763;Cars over the country;1946-04-17 11:04:50;1916-06-09 03:06:07
764;Cars over the country;1914-10-01 03:10:21;1994-04-16 04:04:27
765;Planes rules the air;1953-11-27 02:11:27;1970-04-20 04:04:52
766;Cars over the country;1992-06-20 08:06:21;1915-02-21 02:02:58
767;Truck Company;1995-05-07 03:05:19;2019-11-10 09:11:16
768;Motorcycles for the people;2001-01-23 01:01:49;1987-11-21 02:11:40
769;Planes rules the air;1910-03-14 11:03:36;1966-11-13 06:11:23
770;Motorcycles for the people;1903-05-30 10:05:07;1947-10-10 08:10:26
771;Truck Company;1957-05-13 07:05:01;1949-03-07 09:03:44
772;Motorcycles for the people;1961-01-01 08:01:48;1920-06-11 12:06:30
773;Planes rules the air;1951-06-07 04:06:54;1953-01-03 11:01:12
774;Planes rules the air;1944-08-17 07:08:09;1954-04-08 11:04:41
775;Motorcycles for the people;1903-03-29 08:03:18;1923-07-08 12:07:06
776;Truck Company;1952-10-02 07:10:35;1967-04-20 04:04:11
777;Truck Company;1914-04-29 05:04:19;1960-01-08 01:01:21
778;Truck Company;1985-02-01 11:02:37;1974-03-14 08:03:34
779;Planes rules the air;1936-07-06 10:07:09;2011-01-31 08:01:55
780;Cars over the country;1911-09-28 12:09:08;1997-01-10 02:01:58
781;Cars over the country;1917-03-30 09:03:41;2002-10-30 03:10:49
782;Planes rules the air;1997-02-24 10:02:51;1953-11-09 10:11:48
783;Planes rules the air;2008-02-03 02:02:19;1941-07-26 10:07:32
784;Planes rules the air;1911-06-06 11:06:34;1975-08-03 11:08:39
785;Cars over the country;1967-05-30 04:05:02;1926-02-16 02:02:11
786;Planes rules the air;1972-04-18 10:04:15;1931-04-08 10:04:58
787;Truck Company;1970-02-25 07:02:06;1905-12-03 10:12:18
788;Motorcycles for the people;1941-02-02 10:02:32;1975-05-02 04:05:48
789;Truck Company;1940-02-08 06:02:29;1958-01-12 11:01:38
790;Planes rules the air;1972-06-29 03:06:15;1999-04-16 01:04:10
791;Planes rules the air;2004-09-22 08:09:02;2003-10-18 08:10:42
792;Planes rules the air;1908-03-14 03:03:32;1916-01-22 04:01:03
793;Truck Company;1961-06-01 04:06:36;1902-08-03 11:08:28
794;Cars over the country;1922-10-24 01:10:22;1942-10-23 08:10:16
795;Motorcycles for the people;1966-03-30 04:03:48;1920-03-21 10:03:09
796;Motorcycles for the people;1980-03-24 10:03:01;1954-11-12 04:11:52
797;Motorcycles for the people;1993-01-02 06:01:16;1908-03-26 06:03:48
798;Motorcycles for the people;1952-11-15 07:11:51;1906-11-17 11:11:49
799;Truck Company;1994-11-01 03:11:47;2001-12-17 07:12:10
800;Truck Company;2019-10-29 07:10:15;1977-02-02 09:02:29
801;Truck Company;1961-07-23 10:07:48;1947-10-11 10:10:34
802;Cars over the country;1974-08-21 03:08:39;1968-07-27 07:07:37
803;Truck Company;1981-10-14 10:10:08;1999-07-13 05:07:50
804;Motorcycles for the people;1953-02-23 12:02:20;1929-10-06 11:10:45
805;Cars over the country;1907-11-04 06:11:31;2018-11-13 10:11:15
806;Motorcycles for the people;1963-12-20 03:12:27;1958-01-20 07:01:13
807;Motorcycles for the people;1949-08-01 03:08:02;1961-12-29 10:12:19
808;Truck Company;1953-05-23 04:05:27;1962-05-24 02:05:45
809;Planes rules the air;2000-11-03 12:11:57;1932-12-24 11:12:55
810;Cars over the country;1964-03-21 01:03:20;1907-09-13 01:09:12
811;Planes rules the air;1912-09-02 04:09:33;1974-04-08 05:04:16
812;Motorcycles for the people;1942-06-14 11:06:26;1906-10-06 07:10:31
813;Truck Company;1974-05-29 10:05:51;1967-07-19 02:07:33
814;Truck Company;1963-04-21 02:04:15;1936-05-31 11:05:25
815;Planes rules the air;1904-09-25 11:09:05;1961-04-23 07:04:45
816;Motorcycles for the people;1965-07-31 08:07:08;1919-06-01 11:06:39
817;Motorcycles for the people;1966-05-03 09:05:28;1959-12-21 08:12:36
818;Cars over the country;1968-12-25 09:12:37;1904-01-06 11:01:37
819;Planes rules the air;1988-04-15 11:04:48;1932-01-04 12:01:29
820;Cars over the country;2014-05-16 01:05:38;2001-11-10 05:11:28
821;Planes rules the air;2014-06-27 12:06:42;2005-01-11 08:01:00
822;Cars over the country;1945-03-31 04:03:04;1924-09-24 09:09:06
823;Cars over the country;1947-02-27 07:02:00;1924-03-12 09:03:26
824;Planes rules the air;2019-05-25 05:05:30;2002-05-08 02:05:26
825;Truck Company;1988-10-20 03:10:45;1926-01-13 10:01:25
826;Motorcycles for the people;1903-03-24 08:03:35;1930-01-10 12:01:28
827;Motorcycles for the people;1977-01-12 10:01:33;1947-12-13 08:12:20
828;Cars over the country;1963-03-26 01:03:46;1959-09-25 11:09:39
829;Cars over the country;1914-02-07 07:02:05;1917-11-21 09:11:18
830;Planes rules the air;1933-03-11 12:03:04;1902-11-04 10:11:42
831;Cars over the country;1953-05-01 06:05:49;2017-07-23 06:07:03
832;Motorcycles for the people;2005-01-24 11:01:43;1997-07-17 02:07:09
833;Truck Company;1929-05-15 03:05:42;1935-06-05 12:06:27
834;Planes rules the air;1901-11-02 11:11:41;1988-06-21 05:06:35
835;Truck Company;2003-10-28 08:10:36;1929-08-07 06:08:53
836;Planes rules the air;1989-09-08 11:09:30;1926-07-10 12:07:11
837;Planes rules the air;1902-08-09 02:08:15;1907-07-10 09:07:23
838;Cars over the country;1940-01-30 07:01:17;1971-07-19 12:07:19
839;Motorcycles for the people;1987-11-13 09:11:31;1969-09-20 04:09:59
840;Motorcycles for the people;1930-10-21 08:10:34;1969-01-15 09:01:35
841;Truck Company;1999-10-26 11:10:42;1931-04-02 10:04:36
842;Planes rules the air;1955-01-29 05:01:11;2013-05-16 10:05:52
843;Planes rules the air;1914-12-12 01:12:28;1906-02-14 12:02:54
844;Planes rules the air;2010-07-13 11:07:44;1966-02-17 01:02:52
845;Motorcycles for the people;1983-07-25 09:07:37;1938-01-30 04:01:56
846;Truck Company;1902-04-24 12:04:24;2013-04-06 11:04:26
847;Planes rules the air;1972-11-26 02:11:29;1966-12-12 12:12:36
848;Motorcycles for the people;1940-07-07 03:07:13;1947-08-11 07:08:32
849;Planes rules the air;1907-02-08 08:02:54;1902-09-03 10:09:15
850;Planes rules the air;2010-12-21 06:12:53;1905-12-01 02:12:00
851;Truck Company;1933-10-19 03:10:30;2006-07-23 08:07:19
852;Cars over the country;1949-06-28 07:06:12;1943-11-24 12:11:30
853;Motorcycles for the people;1956-06-05 09:06:05;1918-07-05 04:07:03
854;Cars over the country;1939-08-11 12:08:21;1991-10-07 09:10:22
855;Motorcycles for the people;1973-09-25 01:09:44;1971-06-26 08:06:34
856;Motorcycles for the people;1911-07-04 11:07:11;1954-08-24 04:08:52
857;Truck Company;1900-05-21 09:05:57;1984-02-16 11:02:27
858;Truck Company;1960-09-11 01:09:24;2019-11-27 09:11:51
859;Planes rules the air;1975-04-13 07:04:58;1989-01-28 01:01:57
860;Cars over the country;1914-10-21 03:10:22;1968-01-16 01:01:13
861;Planes rules the air;1970-02-24 05:02:32;1976-10-10 11:10:08
862;Planes rules the air;1988-04-06 01:04:03;1924-06-19 07:06:19
863;Truck Company;1902-08-01 09:08:12;1984-04-12 02:04:53
864;Motorcycles for the people;1954-09-18 04:09:28;1912-05-27 04:05:11
865;Planes rules the air;2017-05-10 08:05:16;2004-10-10 10:10:08
866;Planes rules the air;1915-02-24 08:02:07;2008-08-04 01:08:45
867;Truck Company;1917-11-16 04:11:10;1941-08-23 11:08:39
868;Cars over the country;1933-04-25 02:04:47;1986-09-06 05:09:31
869;Truck Company;2012-10-08 05:10:09;1984-12-28 11:12:44
870;Truck Company;2012-01-08 09:01:05;1996-02-07 07:02:48
871;Motorcycles for the people;1975-01-01 06:01:54;1972-12-03 06:12:39
872;Motorcycles for the people;1906-04-18 08:04:07;1960-02-19 08:02:03
873;Planes rules the air;1997-02-22 09:02:31;1996-06-14 02:06:16
874;Planes rules the air;1969-07-27 02:07:04;1953-06-14 10:06:11
875;Motorcycles for the people;1922-06-06 05:06:10;1994-09-09 01:09:51
876;Cars over the country;1998-10-23 12:10:15;1967-05-06 12:05:14
877;Planes rules the air;1982-01-06 02:01:34;1986-03-23 01:03:35
878;Truck Company;2014-04-21 05:04:14;1916-05-21 08:05:09
879;Planes rules the air;1934-02-18 06:02:48;1905-08-07 12:08:28
880;Planes rules the air;1989-09-08 02:09:39;1971-03-10 09:03:58
881;Truck Company;1970-09-22 09:09:04;1929-06-13 09:06:38
882;Planes rules the air;1987-05-01 01:05:33;1987-12-16 11:12:29
883;Motorcycles for the people;1957-03-19 12:03:15;1979-01-25 04:01:46
884;Planes rules the air;1903-09-12 06:09:38;1935-08-03 05:08:14
885;Truck Company;1973-07-02 03:07:00;1945-03-04 07:03:45
886;Planes rules the air;1980-03-23 07:03:32;1979-09-10 11:09:27
887;Truck Company;2001-08-25 10:08:40;1933-08-04 07:08:48
888;Planes rules the air;1974-04-21 10:04:54;1974-04-03 12:04:28
889;Planes rules the air;1951-05-14 12:05:07;1990-09-21 06:09:43
890;Truck Company;2013-01-31 04:01:34;1975-07-01 02:07:34
891;Planes rules the air;1953-10-03 05:10:05;1954-03-28 03:03:34
892;Motorcycles for the people;1937-07-26 04:07:16;1954-03-31 05:03:01
893;Planes rules the air;1934-12-05 06:12:45;1995-10-05 05:10:11
894;Truck Company;1901-06-05 03:06:53;1953-10-20 05:10:54
895;Truck Company;1961-06-21 09:06:49;1922-09-26 06:09:35
896;Truck Company;1983-12-08 12:12:21;1990-03-12 03:03:40
897;Motorcycles for the people;1958-10-24 09:10:11;1958-04-10 12:04:06
898;Cars over the country;2013-04-18 12:04:41;1998-03-08 09:03:32
899;Truck Company;1932-05-28 06:05:09;1900-09-28 10:09:56
900;Planes rules the air;1945-11-27 02:11:34;1986-06-30 11:06:45
901;Planes rules the air;1958-11-07 12:11:24;1992-03-28 05:03:06
902;Planes rules the air;1934-08-02 01:08:07;1929-08-16 05:08:13
903;Cars over the country;2001-02-07 12:02:49;1967-02-03 08:02:35
904;Cars over the country;1903-04-14 04:04:50;1961-06-24 02:06:40
905;Motorcycles for the people;1900-12-21 04:12:58;2011-04-19 05:04:36
906;Planes rules the air;1985-10-09 08:10:41;1937-09-11 09:09:31
907;Truck Company;2017-07-05 07:07:14;1980-02-20 02:02:39
908;Cars over the country;1985-01-30 11:01:16;1912-06-28 01:06:33
909;Planes rules the air;1919-09-15 10:09:23;1900-08-02 03:08:49
910;Motorcycles for the people;2002-09-15 02:09:42;1985-03-20 02:03:03
911;Planes rules the air;1992-03-25 09:03:58;1992-03-31 03:03:26
912;Planes rules the air;1917-01-14 11:01:05;1981-05-02 04:05:12
913;Motorcycles for the people;1944-07-25 05:07:19;1959-09-27 11:09:33
914;Cars over the country;2018-04-03 03:04:29;1919-07-29 04:07:37
915;Truck Company;1973-01-28 12:01:29;1923-10-15 06:10:20
916;Cars over the country;1994-07-25 12:07:59;1917-09-20 01:09:27
917;Truck Company;1916-07-16 03:07:49;1996-07-23 06:07:47
918;Planes rules the air;1972-08-03 04:08:22;1960-08-20 12:08:30
919;Planes rules the air;1998-02-08 06:02:54;2001-09-01 06:09:49
920;Truck Company;1977-02-04 03:02:07;1942-11-12 12:11:11
921;Motorcycles for the people;2009-01-04 09:01:17;1996-12-14 11:12:31
922;Truck Company;1986-04-23 03:04:42;1924-12-15 06:12:34
923;Truck Company;1964-05-11 01:05:41;1993-01-23 07:01:51
924;Planes rules the air;1915-04-25 04:04:22;2010-03-10 11:03:48
925;Cars over the country;1921-12-08 01:12:20;2019-07-24 03:07:22
926;Cars over the country;1926-12-06 10:12:48;1939-12-20 12:12:24
927;Cars over the country;1941-07-09 03:07:50;1965-05-27 08:05:14
928;Planes rules the air;1979-11-19 05:11:04;1959-03-21 04:03:29
929;Planes rules the air;1956-07-08 10:07:39;1900-12-12 09:12:23
930;Cars over the country;1961-02-22 08:02:29;2019-05-16 08:05:19
931;Planes rules the air;1979-12-14 01:12:59;1969-05-11 07:05:50
932;Planes rules the air;1957-09-13 06:09:56;1907-04-06 06:04:48
933;Motorcycles for the people;1951-06-29 07:06:00;1962-03-28 05:03:39
934;Planes rules the air;1946-05-18 09:05:16;1947-10-13 06:10:03
935;Planes rules the air;1947-09-18 11:09:26;2002-10-10 11:10:23
936;Planes rules the air;2004-11-23 09:11:23;1931-07-17 06:07:19
937;Cars over the country;2004-06-11 06:06:33;1911-02-12 12:02:46
938;Cars over the country;1986-05-27 06:05:51;1933-07-15 03:07:17
939;Truck Company;2009-07-12 05:07:01;1959-11-27 12:11:37
940;Truck Company;1999-03-13 08:03:42;1994-04-26 03:04:01
941;Planes rules the air;1976-12-25 05:12:15;2008-11-11 10:11:48
942;Truck Company;1918-12-25 01:12:51;1968-05-13 10:05:00
943;Truck Company;1922-02-27 01:02:50;1952-07-27 04:07:09
944;Truck Company;1991-02-23 06:02:19;2014-04-09 08:04:07
945;Truck Company;1914-10-25 04:10:37;1935-12-30 05:12:31
946;Cars over the country;1947-02-19 02:02:25;1962-07-12 08:07:17
947;Planes rules the air;1904-09-21 02:09:58;1917-09-02 12:09:55
948;Planes rules the air;1958-02-01 04:02:20;2004-03-21 09:03:51
949;Motorcycles for the people;1948-01-03 12:01:16;1977-10-02 02:10:52
950;Planes rules the air;1981-08-19 07:08:30;1914-11-18 11:11:48
951;Planes rules the air;1940-11-17 04:11:39;1976-01-04 08:01:03
952;Planes rules the air;1907-01-02 09:01:12;1925-12-30 11:12:27
953;Planes rules the air;2005-12-05 02:12:59;1995-08-28 02:08:20
954;Motorcycles for the people;2014-10-15 06:10:26;1982-05-08 10:05:49
955;Cars over the country;1922-10-10 04:10:49;1975-01-27 10:01:28
956;Planes rules the air;1926-08-12 01:08:02;1936-05-16 11:05:50
957;Truck Company;1965-04-02 11:04:44;2000-02-03 11:02:51
958;Planes rules the air;2002-08-31 01:08:57;1910-05-19 11:05:17
959;Cars over the country;2018-09-15 05:09:20;1923-01-09 06:01:01
960;Cars over the country;2015-04-08 11:04:02;1965-10-12 03:10:22
961;Motorcycles for the people;1935-07-11 02:07:35;2011-07-27 11:07:03
962;Truck Company;1949-10-01 06:10:48;1979-07-02 09:07:57
963;Cars over the country;1917-04-11 05:04:05;2015-06-12 01:06:14
964;Planes rules the air;1979-05-14 11:05:07;1998-04-14 01:04:48
965;Cars over the country;1923-04-21 04:04:44;1994-06-02 07:06:46
966;Motorcycles for the people;1970-10-20 08:10:01;1961-10-06 03:10:15
967;Motorcycles for the people;1993-03-13 12:03:35;1931-05-15 04:05:32
968;Cars over the country;1999-04-12 10:04:13;1990-02-14 12:02:35
969;Planes rules the air;1941-01-03 01:01:36;1926-05-25 02:05:58
970;Truck Company;1930-06-09 05:06:58;1921-04-15 03:04:57
971;Truck Company;1970-11-29 04:11:53;1974-03-18 09:03:08
972;Planes rules the air;1973-08-23 08:08:59;1991-05-16 01:05:10
973;Motorcycles for the people;1990-11-13 10:11:45;2003-12-06 11:12:48
974;Planes rules the air;2012-06-07 01:06:48;1978-02-17 05:02:25
975;Cars over the country;1945-05-08 01:05:38;2018-07-25 06:07:38
976;Planes rules the air;1913-05-25 01:05:20;1983-07-14 10:07:53
977;Planes rules the air;1966-01-25 02:01:49;2016-06-21 04:06:43
978;Truck Company;1918-12-05 06:12:02;2009-05-26 08:05:01
979;Cars over the country;1911-10-06 03:10:26;1920-04-12 05:04:38
980;Planes rules the air;1960-12-07 06:12:45;1938-11-24 05:11:56
981;Cars over the country;1982-02-25 11:02:39;1988-02-02 11:02:26
982;Motorcycles for the people;1987-06-15 12:06:05;1927-01-14 01:01:43
983;Cars over the country;1975-09-21 02:09:54;1984-11-19 10:11:26
984;Truck Company;1965-03-12 01:03:43;1950-06-13 06:06:41
985;Truck Company;1982-11-19 09:11:30;2011-09-20 09:09:22
986;Planes rules the air;2017-05-03 12:05:56;1925-04-03 11:04:17
987;Planes rules the air;2009-04-19 07:04:01;1977-01-19 01:01:00
988;Truck Company;1926-05-01 11:05:17;1903-06-08 11:06:45
989;Truck Company;1923-07-22 11:07:02;1951-02-05 12:02:50
990;Truck Company;1900-01-21 06:01:37;1910-01-29 12:01:10
991;Motorcycles for the people;1923-09-26 11:09:49;1962-10-23 05:10:40
992;Planes rules the air;1961-02-22 05:02:56;1985-12-03 06:12:46
993;Cars over the country;1915-03-30 11:03:13;1979-02-20 07:02:47
994;Planes rules the air;1984-09-07 11:09:26;2007-03-24 10:03:32
995;Cars over the country;1947-02-14 04:02:01;1962-03-03 03:03:42
996;Planes rules the air;1952-11-10 08:11:09;1947-02-14 03:02:52
997;Planes rules the air;1997-12-21 03:12:10;1978-06-05 06:06:58
998;Cars over the country;1960-09-18 04:09:36;1984-12-26 05:12:46
999;Truck Company;1917-12-10 03:12:22;1917-04-11 01:04:21
1000;Cars over the country;1998-09-24 04:09:48;1961-06-05 01:06:17
1001;Planes rules the air;1960-07-26 09:07:09;1975-12-26 03:12:04
1002;Cars over the country;2011-02-17 12:02:01;1981-01-04 10:01:26
1003;Truck Company;1905-05-17 11:05:20;1952-08-03 03:08:27
1004;Truck Company;1947-04-06 05:04:50;1968-09-22 03:09:39
1005;Planes rules the air;1975-09-29 02:09:37;1905-09-05 11:09:12
1006;Cars over the country;1923-11-09 04:11:19;1924-05-08 10:05:26
1007;Cars over the country;1978-04-28 07:04:36;1945-07-23 09:07:04
1008;Planes rules the air;1936-02-11 02:02:11;1946-09-11 04:09:46
1009;Motorcycles for the people;2006-06-21 10:06:20;2011-10-26 04:10:35
1010;Cars over the country;1992-06-20 06:06:03;1981-12-30 07:12:48
1011;Planes rules the air;1912-07-21 12:07:46;2011-10-18 11:10:31
1012;Planes rules the air;1930-02-05 06:02:58;1906-07-20 12:07:17
1013;Planes rules the air;1994-12-09 12:12:19;1984-12-31 07:12:14
1014;Motorcycles for the people;2013-08-30 02:08:04;1994-10-06 08:10:17
1015;Motorcycles for the people;2013-02-05 02:02:53;1928-08-31 05:08:24
1016;Truck Company;1961-04-20 04:04:26;1935-05-12 06:05:42
1017;Motorcycles for the people;1941-05-21 02:05:38;2003-12-24 07:12:45
1018;Cars over the country;1952-04-16 09:04:12;1904-07-12 10:07:51
1019;Truck Company;1903-11-16 05:11:26;2016-12-03 04:12:24
1020;Cars over the country;1981-07-15 07:07:07;2016-09-20 08:09:59
1021;Cars over the country;1985-07-31 09:07:08;1918-02-11 11:02:23
1022;Motorcycles for the people;1996-08-05 02:08:20;1998-09-24 05:09:58
1023;Motorcycles for the people;1980-01-19 03:01:26;1981-11-23 07:11:57
1024;Planes rules the air;1971-09-26 10:09:59;1951-07-17 05:07:21
1025;Planes rules the air;1979-06-30 05:06:46;1950-09-01 09:09:24
1026;Motorcycles for the people;1995-05-20 06:05:41;1983-12-07 01:12:56
1027;Truck Company;1953-02-20 06:02:48;1997-08-08 08:08:07
1028;Motorcycles for the people;1989-11-01 11:11:43;1970-03-01 09:03:03
1029;Truck Company;1948-12-07 11:12:42;1931-07-31 07:07:20
1030;Planes rules the air;1920-05-09 03:05:19;1981-01-08 09:01:05
1031;Motorcycles for the people;1918-05-01 01:05:40;2016-05-15 05:05:20
1032;Truck Company;1996-05-24 06:05:23;1909-01-12 06:01:31
1033;Planes rules the air;1930-07-13 06:07:27;1995-07-09 12:07:58
1034;Cars over the country;1983-12-28 04:12:42;1928-03-03 09:03:07
1035;Planes rules the air;1966-07-24 07:07:30;1969-03-24 05:03:34
1036;Planes rules the air;1971-10-02 04:10:32;2019-02-08 03:02:31
1037;Motorcycles for the people;1934-08-06 05:08:35;1917-08-09 06:08:51
1038;Planes rules the air;1980-07-19 05:07:51;1937-07-09 08:07:08
1039;Cars over the country;1933-10-07 12:10:02;1911-05-03 09:05:34
1040;Cars over the country;2007-01-22 03:01:54;1912-11-30 11:11:19
1041;Truck Company;1920-11-20 03:11:09;1927-04-08 06:04:17
1042;Motorcycles for the people;1995-07-12 10:07:17;1901-06-15 01:06:38
1043;Cars over the country;2015-01-30 03:01:52;1999-05-08 06:05:26
1044;Planes rules the air;1912-05-31 09:05:39;2013-02-22 01:02:36
1045;Truck Company;1905-02-14 09:02:28;1933-03-15 01:03:55
1046;Cars over the country;2013-09-23 05:09:22;1929-11-28 06:11:29
1047;Cars over the country;2013-06-22 06:06:32;1943-03-14 10:03:34
1048;Truck Company;1976-02-20 02:02:52;1904-11-01 01:11:32
1049;Motorcycles for the people;2003-08-25 02:08:24;2010-07-16 08:07:18
1050;Planes rules the air;1928-02-19 03:02:29;1915-02-11 09:02:12
1051;Cars over the country;1968-09-07 03:09:17;1948-12-28 03:12:23
1052;Truck Company;1914-07-15 09:07:39;2018-02-02 12:02:58
1053;Motorcycles for the people;1959-12-12 09:12:12;1920-10-24 07:10:21
1054;Truck Company;2006-03-05 11:03:44;1919-03-29 06:03:55
1055;Motorcycles for the people;2019-02-18 08:02:42;2002-09-08 11:09:59
1056;Planes rules the air;1911-11-25 06:11:58;1946-11-13 01:11:58
1057;Truck Company;1996-08-28 03:08:59;1957-08-26 12:08:11
1058;Planes rules the air;1976-12-31 07:12:42;2005-07-31 01:07:14
1059;Truck Company;1962-02-22 12:02:31;1954-11-13 03:11:30
1060;Motorcycles for the people;2008-02-20 10:02:44;1988-09-04 05:09:05
1061;Truck Company;1966-11-22 11:11:11;1942-01-24 11:01:01
1062;Truck Company;1969-08-28 04:08:36;1982-04-28 11:04:33
1063;Cars over the country;1988-06-29 03:06:11;2019-09-23 02:09:39
1064;Motorcycles for the people;2007-02-03 06:02:06;1962-03-17 01:03:57
1065;Planes rules the air;1962-06-02 10:06:17;1952-03-23 03:03:41
1066;Cars over the country;1921-05-17 06:05:31;1902-02-17 10:02:28
1067;Truck Company;1915-05-15 09:05:26;1953-09-15 04:09:10
1068;Truck Company;1958-10-21 09:10:51;2016-04-18 05:04:23
1069;Motorcycles for the people;1911-11-25 11:11:29;1941-02-13 05:02:12
1070;Cars over the country;1945-09-25 04:09:22;1977-03-08 09:03:55
1071;Motorcycles for the people;1959-01-23 02:01:51;1928-04-08 08:04:01
1072;Motorcycles for the people;1919-05-19 11:05:12;1936-01-31 05:01:35
1073;Motorcycles for the people;2003-06-10 06:06:11;1924-12-11 04:12:05
1074;Planes rules the air;2012-04-02 01:04:11;1920-05-07 12:05:46
1075;Cars over the country;1943-06-01 01:06:09;1937-10-22 05:10:22
1076;Motorcycles for the people;1906-07-09 10:07:32;1909-03-24 08:03:42
1077;Cars over the country;1957-03-17 09:03:03;1919-01-13 06:01:15
1078;Motorcycles for the people;1951-04-09 04:04:14;1967-12-22 01:12:58
1079;Truck Company;1942-05-27 12:05:51;1936-08-23 09:08:36
1080;Motorcycles for the people;1919-07-04 06:07:51;1951-04-03 03:04:29
1081;Motorcycles for the people;1988-06-04 02:06:48;1903-02-23 07:02:37
1082;Truck Company;1978-02-09 10:02:54;1919-07-29 06:07:16
1083;Cars over the country;1906-01-01 10:01:17;2005-02-15 01:02:16
1084;Motorcycles for the people;1909-03-05 08:03:50;2001-03-11 08:03:25
1085;Truck Company;1903-12-29 03:12:35;1901-08-05 04:08:24
1086;Motorcycles for the people;1946-11-05 07:11:31;2005-11-21 03:11:09
1087;Planes rules the air;1919-09-01 07:09:38;1978-05-21 05:05:13
1088;Truck Company;1925-01-15 02:01:01;2008-09-01 04:09:48
1089;Cars over the country;2007-02-03 02:02:41;1953-06-09 07:06:17
1090;Truck Company;1926-03-25 03:03:33;1995-11-23 11:11:13
1091;Motorcycles for the people;1983-08-05 12:08:57;2008-09-10 05:09:29
1092;Truck Company;1918-04-10 03:04:19;1958-11-12 04:11:32
1093;Truck Company;1959-06-13 12:06:33;1922-04-14 03:04:37
1094;Motorcycles for the people;1986-07-20 11:07:50;2000-11-03 08:11:47
1095;Motorcycles for the people;1978-10-21 04:10:10;1953-12-20 02:12:24
1096;Cars over the country;1919-01-16 11:01:13;2018-05-25 09:05:31
1097;Planes rules the air;1960-02-12 03:02:20;1911-01-20 04:01:20
1098;Cars over the country;2006-07-31 09:07:43;2012-02-23 11:02:40
1099;Motorcycles for the people;1931-05-28 04:05:44;2008-03-01 08:03:55